<?xml version="1.0" encoding="UTF-8"?>
<project-private xmlns="http://www.netbeans.org/ns/project-private/1">
    <editor-bookmarks xmlns="http://www.netbeans.org/ns/editor-bookmarks/2" lastBookmarkId="0"/>
    <open-files xmlns="http://www.netbeans.org/ns/projectui-open-files/2">
        <group>
            <file>file:/Users/mattsetaro/Documents/School%20Documents/COM-210/P3Setaro/src/DSProgramTemplate.java</file>
            <file>file:/Users/mattsetaro/Documents/School%20Documents/COM-210/P3Setaro/src/StudentListings.java</file>
            <file>file:/Users/mattsetaro/Documents/School%20Documents/COM-210/P3Setaro/src/SinglyLinkedList.java</file>
        </group>
    </open-files>
</project-private>
